{
	"title": "vehicleInfo",
	"lists": [
		{
			"title": "v_sn",
			"type": "info",
			"value": {
				"command": "querySn",
				"transform": {
					"parse": "toASCIIString, 0, 14"
				}
			}
		},
		{
			"title": "fw_info",
			"type": "entrance",
			"jump": {
				"page": "ninebot://ninebot.cn/device/list",
				"configure": "device_ui_firmware_version"
			}
		},
		{
			"type": "divider",
			"color": 0,
			"height": 1
		},
		{
			"title": "v_temperature",
			"type": "info",
			"unit": "C°",
			"value": {
				"command": "queryTemprature",
				"transform": {
					"parse": "toInt, 0, 2, 0.1"
				}
			}
		},
		{
			"type": "divider",
			"color": 0,
			"height": 1
		},
		{
			"title": "v_battery_info",
			"type": "entrance",
			"jump": {
				"page": "ninebot://ninebot.cn/device/list",
				"configure": "device_ui_battery_info"
			}
		},
		{
			"title": "v_battery_upkeep",
			"type": "entrance",
			"jump": {
				"type": "web",
				"page": "/h5/Upkeep/index?language="
			}
		}
	],
	"queue": [
		{
			"period": 0,
			"commands": [
				"querySn"
			]
		},
		{
			"period": 1000,
			"commands": [
				"queryTemprature"
			]
		}
	]
}