{
	"title": "电池信息",
	"lists": [
		{
			"title": "percentage",
			"type": "info",
			"unit": "%",
			"value": {
				"command": "queryBmsInfo",
				"r_index": 50,
				"transform": {
					"parse": "toInt, 2, 2"
				}
			}
		},
		{
			"title": "capacity",
			"type": "info",
			"unit": "mAh",
			"value": {
				"command": "queryBmsInfo",
				"transform": {
					"parse": "toInt, 0, 2"
				}
			}
		},
		{
			"title": "bms_status",
			"message": {
				"condition": "bmsState",
				"trueStr": "normal",
				"falseStr": "abnormal"
			},
			"type": "info",
			"bleDataKey": "bmsState",
			"value": {
				"command": "queryBmsInfo",
				"r_index": 59,
				"transform": {
					"parse": "toBoolean, 20, 2, >= 60"
				}
			}
		},
		{
			"type": "divider",
			"color": 0,
			"height": 1
		},
		{
			"title": "voltage",
			"type": "info",
			"bleDataKey": "voltage",
			"unit": "V",
			"value": {
				"command": "queryBmsInfo",
				"transform": {
					"parse": "toInt, 6, 2, 0.01"
				}
			}
		},
		{
			"title": "elec",
			"type": "info",
			"bleDataKey": "elec",
			"unit": "A",
			"value": {
				"command": "queryBmsInfo",
				"transform": {
					"parse": "toInt, 4, 2, 0.01"
				}
			}
		},
		{
			"title": "power",
			"type": "info",
			"unit": "W",
			"value": {
				"command": "queryBmsInfo",
				"transform": {
					"calculate": "toInt, voltage * elec"
				}
			}
		},
		{
			"title": "bms_temperature",
			"type": "info",
			"unit": "C°",
			"value": {
				"command": "queryBmsInfo",
				"transform": {
					"mask": 255,
					"parse": "toInt, 8, 2"
				}
			}
		},
		{
			"type": "divider",
			"color": 0,
			"height": 1
		},
		{
			"title": "bms_sn",
			"type": "info",
			"value": {
				"command": "queryBmsSn",
				"transform": {
					"parse": "toASCIIString, 0, 14"
				}
			}
		},
		{
			"title": "design_capacity",
			"type": "info",
			"unit": "mAh",
			"value": {
				"command": "queryBmsSn",
				"transform": {
					"parse": "toInt, 16, 2"
				}
			}
		},
		{
			"title": "bms_version",
			"type": "info",
			"value": {
				"command": "readBmsVersion",
				"transform": {
					"parse": "toFwVersion, 0, 2"
				}
			}
		}
	],
	"queue": [
		{
			"period": 0,
			"commands": [
				"readBmsVersion",
				"queryBmsInfo",
				"queryBmsSn"
			]
		}
	]
}