{
	"title": "fw_update",
	"lists": [
		{
			"type": "params",
			"title": "ctrl",
			"serverValue": "ctrl",
			"icon": "https://app-image-cdn.ninebot.cn/setting_car/mark3.png",
			"value": {
				"command": "readVersion",
				"transform": {
					"parse": "toInt, 0, 2"
				}
			}
		},
		{
			"type": "params",
			"serverValue": "ble",
			"title": "ble",
			"icon": "https://app-image-cdn.ninebot.cn/setting_car/mark3.png",
			"value": {
				"command": "readBleVersion",
				"transform": {
					"parse": "toInt, 0, 2"
				}
			}
		},
		{
			"type": "params",
			"serverValue": "bms",
			"title": "bms",
			"icon": "https://app-image-cdn.ninebot.cn/setting_car/mark3.png",
			"value": {
				"command": "readBmsVersion",
				"transform": {
					"parse": "toInt, 0, 2"
				}
			}
		}
	],
	"server": [
		{
			"url": "v5/vehicle/update_firmware$vehicle_type",
			"method": "post",
			"cacheEnable": true,
			"successCode": 1,
			"params": [
				{
					"type": "String",
					"key": "vehicle_type",
					"value": "$vehicle_type"
				},
				{
					"type": "String",
					"key": "wnumber",
					"value": "$wnumber"
				},
				{
					"type": "String",
					"key": "uid",
					"value": "$uid"
				}
			]
		}
	],
	"queue": [
		{
			"period": 0,
			"commands": [
				"readVersion",
				"readBleVersion",
				"readBmsVersion"
			]
		}
	],
	"updateOrder": "ctrl,ble,bms",
	"updateStrategy": {
		"modules": [
			{
				"module": "ctrl",
				"needLock": true,
				"needCheckManOn": false,
				"needReset": false,
				"startWaitTime": 0,
				"updatePriority": 3,
				"resetPriority": 3
			},
			{
				"module": "ble",
				"needLock": false,
				"needCheckManOn": false,
				"needReset": false,
				"startWaitTime": 3000,
				"updatePriority": 2,
				"resetPriority": 2
			},
			{
				"module": "bms",
				"needLock": true,
				"needCheckManOn": false,
				"needReset": false,
				"startWaitTime": 15000,
				"updatePriority": 1,
				"resetPriority": 1
			}
		],
		"lockState": {
			"value": {
				"command": "queryBool",
				"transform": {
					"mask": 2,
					"parse": "toBoolean, 0, 2, != 0"
				}
			},
			"on": {
				"command": "setLock"
			},
			"off": {
				"command": "setUnlock"
			},
			"repeatCount": 2
		},
		"standState": {
			"value": {
				"command": "queryBool",
				"transform": {
					"mask": 1024,
					"parse": "toBoolean, 0, 2, != 0"
				}
			}
		},
		"afterCompleteCommands": [
			"powerOff"
		]
	}

}