{
	"name": "device_commands",
	"serverDeviceType": 53,
	"version": 0,
	"environment": {
		"sdk": ">= 50100000"
	},
	"defaultConfigs": {
		"timeout": 200,
		"retry": 5,
		"read": 1,
		"readACK": 1,
		"write": 2,
		"writeACK": 5,
		"writeNR": 3
	},
	"commands": [
		{
			"name": "active",
			"module": "ctrl",
			"s_cmd": 87,
			"s_index": 0
		},
		{
			"name": "readVersion",
			"module": "ctrl",
			"ops": "read",
			"s_index": 26,
			"s_data": 2,
			"r_index": 26
		},
		{
			"name": "readBmsVersion",
			"module": "ctrl",
			"ops": "read",
			"s_index": 103,
			"s_data": 2,
			"r_index": 103
		},
		{
			"name": "readBleVersion",
			"module": "ctrl",
			"ops": "read",
			"s_index": 104,
			"s_data": 2,
			"r_index": 104
		},
		{
			"name": "queryInfo",
			"module": "ctrl",
			"ops": "read",
			"s_index": 176,
			"s_data": 6,
			"r_index": 176
		},
		{
			"name": "queryBool",
			"module": "ctrl",
			"ops": "read",
			"s_index": 178,
			"s_data": 2,
			"r_index": 178
		},
		{
			"name": "setLock",
			"module": "ctrl",
			"ops": "write",
			"s_index": 112,
			"s_data": 1,
			"r_index": 112
		},
		{
			"name": "setUnlock",
			"module": "ctrl",
			"ops": "writeNR",
			"s_index": 113,
			"s_data": 1
		},
		{
			"name": "querySn",
			"module": "ctrl",
			"ops": "read",
			"s_index": 16,
			"s_data": 14,
			"r_index": 16
		},
		{
			"name": "queryTemprature",
			"module": "ctrl",
			"ops": "read",
			"s_index": 62,
			"s_data": 2,
			"r_index": 62
		},
		{
			"name": "queryLeftMileage",
			"module": "ctrl",
			"ops": "read",
			"s_index": 37,
			"s_data": 2,
			"r_index": 37
		},
		{
			"name": "queryBattery",
			"module": "ctrl",
			"ops": "read",
			"s_index": 34,
			"s_data": 2,
			"r_index": 34
		},
		{
			"name": "queryMileage",
			"module": "ctrl",
			"ops": "read",
			"s_index": 183,
			"s_data": 4,
			"r_index": 183
		},
		{
			"name": "queryCruise",
			"module": "ctrl",
			"ops": "read",
			"s_index": 124,
			"s_data": 2,
			"r_index": 124
		},
		{
			"name": "enableCruise",
			"module": "ctrl",
			"ops": "write",
			"s_index": 124,
			"s_data": 1
		},
		{
			"name": "disableCruise",
			"module": "ctrl",
			"ops": "write",
			"s_index": 124,
			"s_data": 0
		},
		{
			"name": "queryEnergyRecovery",
			"module": "ctrl",
			"ops": "read",
			"s_index": 123,
			"s_data": 2,
			"r_index": 123
		},
		{
			"name": "setEnergyRecovery",
			"module": "ctrl",
			"ops": "writeNR",
			"s_index": 123
		},
		{
			"name": "queryFunBool",
			"module": "ctrl",
			"ops": "read",
			"s_data": 2,
			"s_index": 125,
			"r_index": 125
		},
		{
			"name": "setFunBool",
			"module": "ctrl",
			"ops": "write",
			"s_index": 125
		},
		{
			"name": "querySpeed",
			"module": "ctrl",
			"ops": "read",
			"s_data": 2,
			"s_index": 38,
			"r_index": 38
		},
		{
			"name": "queryVolume",
			"module": "ctrl",
			"ops": "read",
			"s_data": 2,
			"s_index": 245,
			"r_index": 245
		},
		{
			"name": "setVolume",
			"module": "ctrl",
			"ops": "writeNR",
			"s_index": 245
		},
		{
			"name": "queryBmsInfo",
			"module": "bms",
			"ops": "read",
			"s_index": 49,
			"r_index": 49,
			"s_data": 24
		},
		{
			"name": "queryBmsSn",
			"module": "bms",
			"ops": "read",
			"s_index": 16,
			"s_data": 18,
			"r_index": 16
		},
		{
			"name": "queryErrAlermCode",
			"module": "ctrl",
			"ops": "read",
			"s_index": 176,
			"s_data": 4,
			"r_index": 176
		},
		{
			"name": "powerOff",
			"module": "ctrl",
			"ops": "writeNR",
			"s_index": 121,
			"s_data": 1
		}
	]
}