{
	"title": "v_setting",
	"lists": [
		{
			"title": "fwUpdate",
			"subTitle": {
				"condition": "isUpdateFW",
				"trueStr": "needFWUpdate",
				"falseStr": "noFWUpdate"
			},
			"type": "entrance",
			"jump": {
				"page": "ninebot://ninebot.cn/device/firmware",
				"configure": "device_firmware_update"
			}
		},
		{
			"type": "switcher",
			"title": "rear_light_open",
			"value": {
				"command": "queryFunBool",
				"transform": {
					"mask": 2,
					"parse": "toBoolean, 0, 2, > 0"
				}
			},
			"on": {
				"command": "setFunBool"
			},
			"off": {
				"command": "setFunBool"
			}
		}
	],
	"queue": [
		{
			"period": 0,
			"commands": [
				"queryFunBool"
			]
		}
	]
}