{
	"name": "DeviceDetail",
	"path": "ninebot://ninebot.cn/device/nb_device_details",
	"version": "0.0.1",
	"productId": {
		"url": "https://api5-bj.ninebot.cn/device/escooter/icon.png"
	},
	"lockComponent": {
		"type": "switcher_locker",
		"value": {
			"command": "queryBool",
			"transform": {
				"mask": 2,
				"parse": "toBoolean, 0, 2, != 0"
			}
		},
		"on": {
			"command": "setLock"
		},
		"off": {
			"command": "setUnlock"
		}
	},
	"dashBoard": {
		"jump": {
			"configure": "device_ui_settings",
			"needConnect": true
		}
	},
	"errorAlert": [
		{
			"type": "alert",
			"title": "错误",
			"subTitle": {
				"condition": "error_code",
				"trueStr": "nb_scooter_error_$error_code"
			},
			"value": {
				"command": "queryErrAlermCode",
				"transform": {
					"parse": "toInt, 0, 2"
				}
			}
		},
		{
			"type": "alert",
			"title": "nb_alarm_title",
			"subTitle": {
				"condition": "alerm_code",
				"trueStr": "nb_mini_warning_$alerm_code"
			},
			"value": {
				"command": "queryErrAlermCode",
				"transform": {
					"parse": "toInt, 2, 2"
				}
			}
		}
	],
	"commonComponent": [
		{
			"type": "info_detail",
			"title": "estimate_mileage",
			"bleDataKey": "estimate_mileage",
			"unit": "km",
			"jumpIcon": "https://api5-bj.ninebot.cn/device/escooter/left_mileage_jump.png",
			"jump": {
				"page": "https://api5-bj.ninebot.cn/h5/device/left_mileage_help",
				"configure": "device_ui_battery_info"
			},
			"value": {
				"command": "queryLeftMileage",
				"transform": {
					"parse": "toInt, 0, 2, 0.01"
				}
			},
			"serverValue": "estimate_mileage"
		},
		{
			"type": "info_detail",
			"title": "dump_energy",
			"bleDataKey": "dump_energy",
			"unit": "%",
			"jumpIcon": "https://api5-bj.ninebot.cn/device/escooter/left_mileage_jump.png",
			"jump": {
				"page": "ninebot://ninebot.cn/device/battery_details",
				"configure": "device_ui_battery_info"
			},
			"value": {
				"command": "queryBattery",
				"transform": {
					"parse": "toInt, 0, 2"
				}
			},
			"serverValue": "dump_energy"
		},
		{
			"type": "info_detail",
			"title": "total_mileage",
			"bleDataKey": "total_mileage",
			"unit": "km",
			"value": {
				"command": "queryMileage",
				"transform": {
					"parse": "toInt, 0, 4, 0.001"
				}
			},
			"serverValue": "total_mileage"
		}
	],
	"speed": {
		"type": "speed",
		"title": "speed",
		"value": {
			"command": "querySpeed",
			"transform": {
				"parse": "toInt, 0, 2, 0.001"
			}
		}
	},
	"mapComponent": {
		"jump": "ninebot://ninebot.cn/device/common_map"
	},
	"settingsComponent": [
		{
			"type": "entrance_detail",
			"title": "fw_update",
			"icon": "ble_icon",
			"jump": {
				"page": "ninebot://ninebot.cn/device/firmware",
				"configure": "device_firmware_update",
				"needConnect": true
			}
		},
		{
			"type": "expand",
			"title": "power_recovery",
			"icon": "https://app-image-cdn.ninebot.cn/setting_car/mark3.png",
			"subviews": {
				"type": "progress",
				"min": 0,
				"max": 2,
				"value": {
					"command": "queryEnergyRecovery",
					"transform": {
						"parse": "toInt, 0, 2"
					}
				},
				"set": {
					"command": "setEnergyRecovery"
				}
			}
		},
		{
			"type": "switcher_detail",
			"title": "cruise",
			"iconOn": "https://app-image-cdn.ninebot.cn/setting_car/mark3.png",
			"iconOff": "https://steeldust-image-cdn.ninebot.cn/steeldust/e90white.png",
			"value": {
				"command": "queryCruise",
				"transform": {
					"parse": "toBoolean, 0, 2, != 0"
				}
			},
			"on": {
				"command": "enableCruise",
				"alert": {
					"type": "dialog",
					"title": "alert",
					"positiveText": "confirm",
					"negativeText": "cancel",
					"cancelable": false,
					"message": "@string/msg_back_alert"
				}
			},
			"off": {
				"command": "disableCruise"
			}
		}
	],
	"settings": [
		{
			"type": "entrance",
			"title": "v_setting",
			"icon": "https://app-image-cdn.ninebot.cn/setting_car/mark3.png",
			"jump": {
				"page": "ninebot://ninebot.cn/device/settings",
				"configure": "device_ui_settings",
				"needConnect": true
			}
		},
		{
			"type": "divider",
			"color": 4278190080,
			"height": 1
		},
		{
			"type": "entrance",
			"title": "v_info",
			"icon": "https://api5-bj.ninebot.cn/device/settings/icon1.png",
			"jump": {
				"page": "ninebot://ninebot.cn/device/info",
				"configure": "device_ui_information",
				"needConnect": true
			}
		},
		{
			"type": "divider",
			"color": 4278190080,
			"height": 2
		}
	],
	"queue": [
		{
			"period": 10,
			"commands": [
				"queryLeftMileage",
				"queryBattery",
				"queryMileage",
				"querySpeed",
				"queryErrAlermCode"
			]
		},
		{
			"period": 0,
			"commands": [
				"queryBool",
				"queryFunBool",
				"queryCruise",
				"queryEnergyRecovery"
			]
		}
	],
	"server": [
		{
			"url": "v4/Vehicle/upload_mileage",
			"method": "post",
			"cacheEnable": true,
			"successCode": 1,
			"params": [
				{
					"type": "String",
					"key": "vehicle_type",
					"value": "$vehicle_type"
				},
				{
					"type": "String",
					"key": "wnumber",
					"value": "$wnumber"
				},
				{
					"type": "String",
					"key": "uid",
					"value": "$uid"
				},
				{
					"type": "String",
					"key": "total_mileage",
					"value": "$total_mileage"
				},
				{
					"type": "String",
					"key": "dump_energy",
					"value": "$dump_energy"
				},
				{
					"type": "String",
					"key": "estimate_mileage",
					"value": "$estimate_mileage"
				}
			]
		}
	]
}