{
	"title": "固件详情",
	"lists": [
		{
			"title": "ctrl",
			"type": "info",
			"value": {
				"command": "readVersion",
				"transform": {
					"parse": "toFwVersion, 0, 2"
				}
			}
		},
		{
			"title": "ble",
			"type": "info",
			"value": {
				"command": "readBleVersion",
				"transform": {
					"parse": "toFwVersion, 0, 2"
				}
			}
		},
		{
			"title": "bms",
			"type": "info",
			"value": {
				"command": "readBmsVersion",
				"transform": {
					"parse": "toFwVersion, 0, 2"
				}
			}
		}
	],
	"queue": [
		{
			"period": 0,
			"commands": [
				"readVersion",
				"readBleVersion",
				"readBmsVersion"
			]
		}
	]
}