{
	"name": "deviceUiConnect",
	"versions": [
		{
			"name": "ctrl",
			"command": "readVersion",
			"transform": {
				"parse": "toFwVersion, 0, 2"
			}
		},
		{
			"name": "bms",
			"command": "readBleVersion",
			"transform": {
				"parse": "toFwVersion, 0, 2"
			}
		},
		{
			"name": "ble",
			"command": "readBmsVersion",
			"transform": {
				"parse": "toFwVersion, 0, 2"
			}
		}
	],
	"activation": {
		"value": {
			"command": "queryBool",
			"transform": {
				"mask": 2048,
				"parse": "toBoolean, 0, 2, !=0"
			}
		},
		"action": {
			"command": "active"
		}
	},
	"sn": {
		"value": {
			"command": "querySn",
			"transform": {
				"parse": "toASCIIString, 0, 14"
			}
		}
	},
	"tutorial": "ninebot://ninebot.cn/device/tutorial/scooter",
	"queue": [
		{
			"period": 0,
			"commands": [
				"queryBool",
				"querySn"
			]
		}
	],
	"server": [
		{
			"url": "v5/Vehicle/update_vehicle_mac",
			"method": "post",
			"cacheEnable": true,
			"successCode": 1,
			"params": [
				{
					"type": "String",
					"key": "vehicle_mac",
					"value": "$vehicle_mac"
				},
				{
					"type": "String",
					"key": "wnumber",
					"value": "$wnumber"
				},
				{
					"type": "String",
					"key": "ble_name",
					"value": "$ble_name"
				}
			]
		}
	]
}