{
	"ctrl": "主控",
	"ble": "蓝牙",
	"bms": "电池",
	"fw_update": "固件升级",
	"needFWUpdate": "新固件",
	"noFWUpdate": "当前最新",
	"rear_light_open": "尾灯长亮",
	"v_info": "设备信息",
	"v_setting": "设备设置",
	"v_temperature": "车体温度",
	"fw_info": "固件详情",
	"v_sn": "设备序列号",
	"v_battery_info": "电池信息",
	"v_battery_upkeep": "电池保养",
	"estimate_mileage": "剩余里程",
	"dump_energy": "剩余电量",
	"total_mileage": "车辆里程",
	"speed": "速度",
	"power_recovery": "能量回收",
	"cruise": "定速巡航",
	"alert": "提示",
	"cancel": "取消",
	"confirm": "确定",
	"percentage": "剩余百分比",
	"capacity": "剩余电量",
	"bms_status": "电池状态",
	"normal": "正常",
	"abnormal": "异常",
	"voltage": "电压",
	"elec": "电流",
	"power": "功率",
	"bms_temperature": "电池温度",
	"bms_sn": "电池序列号",
	"design_capacity": "设计容量",
	"bms_version": "BMS固件版本",
	"msg_back_alert": "提示"
}